preds,labels,pred_labels
[-0.20340878 -0.15456036],1,1
[-0.1840341  -0.14597613],0,1
[-0.18445143 -0.14985242],1,1
[-0.18479666 -0.14375722],0,1
[-0.18314157 -0.14278357],1,1
[-0.18822405 -0.14693305],0,1
[-0.18606971 -0.12332387],1,1
[-0.20571491 -0.17170641],0,1
[-0.19310734 -0.16041702],1,1
[-0.18066044 -0.14449011],0,1
[-0.17859657 -0.15628633],1,1
[-0.19143291 -0.15394616],0,1
[-0.18275112 -0.15212964],1,1
[-0.19421732 -0.15091084],0,1
[-0.16608341 -0.11793676],1,1
[-0.18076135 -0.14098898],0,1
[-0.19410512 -0.1379232 ],1,1
[-0.17380616 -0.14761925],0,1
[-0.17015687 -0.16541591],1,1
[-0.17349042 -0.15236616],0,1
[-0.1920088  -0.16454504],1,1
[-0.17696133 -0.13841972],0,1
[-0.18849257 -0.13664997],1,1
[-0.18908416 -0.14690053],0,1
[-0.20053242 -0.16247453],1,1
[-0.18033989 -0.15336967],0,1
[-0.17240892 -0.16000216],1,1
[-0.17902488 -0.15784234],0,1
[-0.18840244 -0.14957339],1,1
[-0.17268632 -0.14301372],0,1
[-0.17280701 -0.13641004],1,1
[-0.1606774 -0.123926 ],0,1
[-0.2047189  -0.16531979],1,1
[-0.19262157 -0.14369392],0,1
[-0.19555558 -0.16704985],1,1
[-0.20441921 -0.18083313],0,1
[-0.16093248 -0.16133615],1,0
[-0.17184763 -0.15828499],0,1
[-0.16138573 -0.13059919],1,1
[-0.17065586 -0.1477353 ],0,1
[-0.18761751 -0.16230935],1,1
[-0.19889535 -0.15273881],0,1
[-0.19433309 -0.16520193],1,1
[-0.18386002 -0.15806149],0,1
[-0.19247279 -0.14882174],1,1
[-0.19253735 -0.15179591],0,1
[-0.19225678 -0.14931482],1,1
[-0.18761022 -0.14814247],0,1
[-0.1986316  -0.14603706],1,1
[-0.17999381 -0.14044107],0,1
[-0.19029687 -0.13910174],1,1
[-0.17649478 -0.13075939],0,1
[-0.1741285  -0.14725544],1,1
[-0.2015904  -0.13239402],0,1
[-0.19314067 -0.15387337],1,1
[-0.19166973 -0.1558026 ],0,1
[-0.18337809 -0.15681846],1,1
[-0.19126378 -0.16203922],0,1
[-0.18390416 -0.15173827],1,1
[-0.1845465  -0.14306083],0,1
[-0.18999314 -0.14281318],1,1
[-0.1826778 -0.142103 ],0,1
[-0.18684576 -0.14862925],1,1
[-0.18490364 -0.15784988],0,1
[-0.1688409 -0.1586031],1,1
[-0.16718696 -0.15996605],0,1
[-0.16637291 -0.14299639],1,1
[-0.16657004 -0.15684102],0,1
[-0.15125862 -0.16501579],1,0
[-0.1615455 -0.1552404],0,1
[-0.1842579 -0.1633212],1,1
[-0.18101664 -0.15596725],0,1
[-0.16986753 -0.16871074],1,1
[-0.18338537 -0.16734102],0,1
[-0.19160119 -0.15896189],1,1
[-0.1916158  -0.17177363],0,1
[-0.16663465 -0.14319567],1,1
[-0.18325043 -0.15331306],0,1
[-0.18957257 -0.15021361],1,1
[-0.18734992 -0.14805259],0,1
[-0.18071462 -0.14731589],1,1
[-0.17438042 -0.14634791],0,1
[-0.18079807 -0.15043359],1,1
[-0.1837615  -0.15090996],0,1
[-0.17032482 -0.15308022],1,1
[-0.16553812 -0.16904297],0,0
[-0.191095  -0.1515967],1,1
[-0.17642091 -0.14403515],0,1
[-0.17157628 -0.14011344],1,1
[-0.20045084 -0.13844042],0,1
[-0.18593763 -0.15821478],1,1
[-0.17487706 -0.14417377],0,1
[-0.17927454 -0.15942428],1,1
[-0.20547834 -0.1517311 ],0,1
[-0.18820828 -0.15559003],1,1
[-0.19330233 -0.1624547 ],0,1
[-0.19069035 -0.16313422],1,1
[-0.19260414 -0.15189098],0,1
[-0.19459046 -0.14772873],1,1
[-0.19390316 -0.14345205],0,1
[-0.18495747 -0.14251359],1,1
[-0.18642344 -0.1388043 ],0,1
[-0.18395747 -0.1662324 ],1,1
[-0.19391996 -0.16334473],0,1
[-0.1981815 -0.1587425],1,1
[-0.2021678  -0.13718404],0,1
[-0.18670371 -0.1635647 ],1,1
[-0.20245048 -0.14716715],0,1
[-0.18303311 -0.16245572],1,1
[-0.17334014 -0.160335  ],0,1
[-0.17003413 -0.14956076],1,1
[-0.19186309 -0.15569563],0,1
[-0.20264402 -0.15218587],1,1
[-0.19309543 -0.14276618],0,1
[-0.17200537 -0.15271497],1,1
[-0.18060228 -0.15041077],0,1
[-0.18850577 -0.15842713],1,1
[-0.18993448 -0.16542026],0,1
[-0.1776462  -0.13553756],1,1
[-0.18807258 -0.13948601],0,1
[-0.18944563 -0.15841112],1,1
[-0.19337444 -0.15585606],0,1
[-0.1810379  -0.15099752],1,1
[-0.17183866 -0.14893673],0,1
[-0.17375866 -0.1402145 ],1,1
[-0.17776495 -0.12450381],0,1
[-0.18070827 -0.13637601],1,1
[-0.17476715 -0.14540878],0,1
[-0.17651547 -0.15491268],1,1
[-0.18212801 -0.14659688],0,1
[-0.18137352 -0.14539376],1,1
[-0.17558806 -0.14784929],0,1
[-0.170594   -0.14192903],1,1
[-0.18398976 -0.14348936],0,1
[-0.17796288 -0.14143093],1,1
[-0.18716203 -0.1371254 ],0,1
[-0.16511756 -0.16429143],1,1
[-0.16589645 -0.14495638],0,1
[-0.1666378  -0.15694772],1,1
[-0.1851568  -0.15558939],0,1
[-0.18791576 -0.15091825],1,1
[-0.18374714 -0.12417718],0,1
[-0.18444759 -0.14754878],1,1
[-0.1879097  -0.14940408],0,1
[-0.1975866 -0.1569031],1,1
[-0.19161202 -0.1530759 ],0,1
[-0.1875663  -0.15676832],1,1
[-0.18910709 -0.14900224],0,1
[-0.17708185 -0.15649733],1,1
[-0.17114191 -0.14316937],0,1
[-0.20000058 -0.16303113],1,1
[-0.1956653  -0.15463287],0,1
[-0.18850496 -0.15889233],1,1
[-0.17584382 -0.13283283],0,1
[-0.18778628 -0.15943931],1,1
[-0.20795381 -0.1662039 ],0,1
[-0.19584937 -0.14501838],1,1
[-0.18144253 -0.14194627],0,1
[-0.1760728  -0.14061126],1,1
[-0.17778058 -0.1347215 ],0,1
[-0.20195124 -0.1517207 ],1,1
[-0.17974354 -0.14309157],0,1
[-0.19066663 -0.13955984],1,1
[-0.18949696 -0.14992474],0,1
[-0.15955621 -0.14169812],1,1
[-0.16031455 -0.15865897],0,1
[-0.18030533 -0.166869  ],1,1
[-0.20427428 -0.17459045],0,1
[-0.1863256  -0.14082241],1,1
[-0.19372557 -0.14637427],0,1
[-0.19848013 -0.15624857],1,1
[-0.20374763 -0.15488528],0,1
[-0.1996088  -0.14107916],1,1
[-0.17893709 -0.14046179],0,1
[-0.18815856 -0.1601051 ],1,1
[-0.18071075 -0.15125269],0,1
[-0.17851385 -0.14043397],1,1
[-0.18348654 -0.13773863],0,1
[-0.18322727 -0.13989155],1,1
[-0.16583352 -0.14828014],0,1
[-0.19576038 -0.1491323 ],1,1
[-0.20545244 -0.14511195],0,1
[-0.16742213 -0.14573108],1,1
[-0.16126718 -0.1452694 ],0,1
[-0.17839007 -0.15812078],1,1
[-0.17645611 -0.16002905],0,1
[-0.18659969 -0.16305111],1,1
[-0.17620483 -0.16664213],0,1
[-0.19403526 -0.17081288],1,1
[-0.18307099 -0.16155869],0,1
[-0.16886576 -0.14467716],1,1
[-0.18141206 -0.15211284],0,1
[-0.19467178 -0.1475788 ],1,1
[-0.2078301 -0.1567255],0,1
[-0.17498036 -0.14445812],1,1
[-0.17136647 -0.13538675],0,1
[-0.18666524 -0.14987367],1,1
[-0.174364   -0.14269786],0,1
[-0.1710681  -0.14239463],1,1
[-0.17725754 -0.15689805],0,1
[-0.19222836 -0.15729648],1,1
[-0.18197842 -0.1434522 ],0,1
[-0.17899819 -0.1478169 ],1,1
[-0.20724615 -0.15765528],0,1
[-0.16803484 -0.15500265],1,1
[-0.18181169 -0.14875543],0,1
[-0.17915533 -0.15151712],1,1
[-0.19144943 -0.16191766],0,1
[-0.18157977 -0.14012292],1,1
[-0.16881388 -0.1441012 ],0,1
[-0.17987555 -0.15651867],1,1
[-0.18426049 -0.14515176],0,1
[-0.17535563 -0.13732462],1,1
[-0.17943804 -0.15296169],0,1
[-0.18150562 -0.15360937],1,1
[-0.18136884 -0.14089535],0,1
[-0.17326383 -0.16219322],1,1
[-0.1619448  -0.15338437],0,1
[-0.17384449 -0.15752614],1,1
[-0.17919773 -0.14380416],0,1
[-0.16419807 -0.16131923],1,1
[-0.1752766  -0.16019027],0,1
[-0.17811742 -0.1547311 ],1,1
[-0.17991576 -0.14694618],0,1
[-0.18295449 -0.13213174],1,1
[-0.19414812 -0.13883181],0,1
[-0.20227557 -0.14796852],1,1
[-0.16831012 -0.14358126],0,1
[-0.1969002  -0.15646183],1,1
[-0.19434673 -0.16027215],0,1
[-0.17074512 -0.13583769],1,1
[-0.17139278 -0.15092121],0,1
[-0.18225902 -0.14541523],1,1
[-0.19853346 -0.1582936 ],0,1
[-0.18173194 -0.15963276],1,1
[-0.18549328 -0.14979789],0,1
[-0.17833579 -0.15269873],1,1
[-0.16422354 -0.1417692 ],0,1
[-0.18262404 -0.15192308],1,1
[-0.19587667 -0.15997799],0,1
[-0.17769381 -0.16458397],1,1
[-0.1817547  -0.14856689],0,1
[-0.17461042 -0.14771104],1,1
[-0.16922599 -0.12495824],0,1
[-0.17982668 -0.15787235],1,1
[-0.18293555 -0.14537154],0,1
[-0.1827765  -0.16852295],1,1
[-0.18152139 -0.14280455],0,1
[-0.18398358 -0.1642291 ],1,1
[-0.17895924 -0.14828552],0,1
[-0.18200555 -0.1620036 ],1,1
[-0.1722946 -0.1372648],0,1
[-0.1746636  -0.14036645],1,1
[-0.17857467 -0.13921887],0,1
[-0.18257463 -0.15423234],1,1
[-0.18079698 -0.13137962],0,1
[-0.1813592  -0.15033337],1,1
[-0.18112874 -0.1411699 ],0,1
[-0.16198824 -0.15409961],1,1
[-0.15650323 -0.16463397],0,0
[-0.19699979 -0.14759558],1,1
[-0.19413441 -0.14603211],0,1
[-0.182079   -0.15142815],1,1
[-0.18316786 -0.15859954],0,1
[-0.1866095  -0.16239774],1,1
[-0.17891549 -0.15508161],0,1
[-0.19618183 -0.16067487],1,1
[-0.17774194 -0.17217235],0,1
[-0.15595068 -0.1618104 ],1,0
[-0.18745038 -0.14272536],0,1
[-0.17895241 -0.153204  ],1,1
[-0.19362652 -0.15567498],0,1
[-0.18573758 -0.16399792],1,1
[-0.19146752 -0.163163  ],0,1
[-0.17108443 -0.14085542],1,1
[-0.18066917 -0.13821533],0,1
[-0.16213505 -0.15645312],1,1
[-0.16628641 -0.15074156],0,1
[-0.17087278 -0.14864361],1,1
[-0.17662238 -0.13906926],0,1
[-0.19718166 -0.14978386],1,1
[-0.18196245 -0.14754942],0,1
[-0.18446004 -0.1483042 ],1,1
[-0.19621451 -0.18513462],0,1
[-0.19346455 -0.15203594],1,1
[-0.19425614 -0.15165924],0,1
[-0.18528408 -0.1485676 ],1,1
[-0.19435924 -0.13575332],0,1
[-0.162398   -0.13166386],1,1
[-0.18476509 -0.14263135],0,1
[-0.17803381 -0.16212872],1,1
[-0.1927797 -0.1591997],0,1
[-0.17765309 -0.14676078],1,1
[-0.17617337 -0.15085918],0,1
[-0.1741465  -0.15398976],1,1
[-0.17423292 -0.15806407],0,1
[-0.19351391 -0.15610993],1,1
[-0.18401764 -0.1509638 ],0,1
[-0.1820785  -0.14875723],1,1
[-0.18965329 -0.15547471],0,1
[-0.19909428 -0.14017448],1,1
[-0.18493396 -0.16394545],0,1
[-0.17013866 -0.15962642],1,1
[-0.17273235 -0.13201499],0,1
[-0.1924959  -0.17029284],1,1
[-0.17830434 -0.15650943],0,1
[-0.19184458 -0.15477549],1,1
[-0.19387387 -0.16576496],0,1
[-0.18340304 -0.15646115],1,1
[-0.22135909 -0.16174883],0,1
[-0.18733363 -0.15354395],1,1
[-0.18776004 -0.13443336],0,1
[-0.17426991 -0.17431074],1,0
[-0.18163194 -0.14619541],0,1
[-0.17968254 -0.15200892],1,1
[-0.1949607  -0.15396024],0,1
[-0.16739886 -0.13963778],1,1
[-0.18256749 -0.14696571],0,1
[-0.19051026 -0.15333423],1,1
[-0.21530311 -0.15245372],0,1
[-0.19244747 -0.15368052],1,1
[-0.19900697 -0.13763765],0,1
[-0.18670274 -0.14119004],1,1
[-0.18922018 -0.133107  ],0,1
[-0.19323653 -0.15980586],1,1
[-0.19508897 -0.15480195],0,1
[-0.19307302 -0.15198237],1,1
[-0.18695089 -0.15264206],0,1
[-0.18912138 -0.14942496],1,1
[-0.1916112  -0.12952971],0,1
[-0.20114177 -0.14722556],1,1
[-0.19187108 -0.14232177],0,1
[-0.18616426 -0.1489052 ],1,1
[-0.19024095 -0.14081007],0,1
[-0.20619486 -0.15453333],1,1
[-0.21005811 -0.15650839],0,1
[-0.20145668 -0.15779565],1,1
[-0.17968549 -0.15438499],0,1
[-0.19327973 -0.15083423],1,1
[-0.17802383 -0.17090537],0,1
[-0.17495842 -0.1620353 ],1,1
[-0.1815135 -0.1674621],0,1
[-0.17998688 -0.16009396],1,1
[-0.19409245 -0.14800607],0,1
[-0.19342338 -0.17235373],1,1
[-0.1761483  -0.15739247],0,1
[-0.1969478  -0.15440649],1,1
[-0.17681299 -0.15559655],0,1
[-0.17459567 -0.14542049],1,1
[-0.18955393 -0.1569672 ],0,1
[-0.16852428 -0.14894885],1,1
[-0.15169084 -0.14718334],0,1
[-0.17137375 -0.13331212],1,1
[-0.16643055 -0.14089638],0,1
[-0.19945294 -0.16357991],1,1
[-0.20952915 -0.16814724],0,1
[-0.1741797  -0.16249552],1,1
[-0.18090844 -0.15112764],0,1
[-0.18295738 -0.1607647 ],1,1
[-0.16449365 -0.15473582],0,1
[-0.20612247 -0.1504864 ],1,1
[-0.1732712 -0.140791 ],0,1
[-0.17263396 -0.16936344],1,1
[-0.180383   -0.16091105],0,1
[-0.17964703 -0.15295349],1,1
[-0.17890012 -0.15312943],0,1
[-0.17566736 -0.14550684],1,1
[-0.17152058 -0.13580015],0,1
[-0.17355427 -0.15563805],1,1
[-0.18989053 -0.16221197],0,1
[-0.16986074 -0.16261168],1,1
[-0.18211745 -0.12179927],0,1
[-0.19145958 -0.16351414],1,1
[-0.18866466 -0.14867786],0,1
[-0.17287567 -0.13288586],1,1
[-0.18012796 -0.1461192 ],0,1
[-0.16345564 -0.14204542],1,1
[-0.17151177 -0.14323273],0,1
[-0.20258954 -0.1521866 ],1,1
[-0.18759143 -0.13361007],0,1
[-0.17619911 -0.15482754],1,1
[-0.1808739  -0.13785164],0,1
[-0.1662183  -0.14480683],1,1
[-0.1849687  -0.13994859],0,1
[-0.17919509 -0.1558671 ],1,1
[-0.18009886 -0.14493543],0,1
[-0.19290604 -0.14459889],1,1
[-0.19215642 -0.1472675 ],0,1
[-0.1850659  -0.15108964],1,1
[-0.19684108 -0.16164513],0,1
[-0.19360784 -0.15239342],1,1
[-0.19231847 -0.16571559],0,1
[-0.18216206 -0.16503975],1,1
[-0.20088728 -0.17221746],0,1
[-0.17956734 -0.1625669 ],1,1
[-0.16635387 -0.1482842 ],0,1
[-0.17618927 -0.1580476 ],1,1
[-0.16991886 -0.14083245],0,1
[-0.17700061 -0.17202139],1,1
[-0.1769849  -0.16291967],0,1
[-0.17691629 -0.16060132],1,1
[-0.17493398 -0.14554267],0,1
[-0.19802208 -0.14303687],1,1
[-0.2078777  -0.14419112],0,1
[-0.16876806 -0.1576182 ],1,1
[-0.16942513 -0.1456133 ],0,1
[-0.18971454 -0.16867337],1,1
[-0.16718099 -0.15264289],0,1
[-0.17053084 -0.15913242],1,1
[-0.18645012 -0.16592102],0,1
[-0.18117635 -0.13357082],1,1
[-0.18716413 -0.1480487 ],0,1
[-0.16859308 -0.17152406],1,0
[-0.19100949 -0.17086789],0,1
[-0.16330697 -0.14874917],1,1
[-0.18662956 -0.1353691 ],0,1
[-0.2001076  -0.15577176],1,1
[-0.18079227 -0.15910743],0,1
[-0.16913201 -0.16193655],1,1
[-0.16838868 -0.17334884],0,0
[-0.19512345 -0.17309825],1,1
[-0.1759422  -0.16098514],0,1
[-0.16170317 -0.16504031],1,0
[-0.17769103 -0.16253024],0,1
[-0.16991198 -0.15147144],1,1
[-0.16283153 -0.16700074],0,0
[-0.17314155 -0.15933336],1,1
[-0.2023942  -0.15797393],0,1
[-0.16938375 -0.13755517],1,1
[-0.19314551 -0.15108743],0,1
[-0.19455591 -0.1383302 ],1,1
[-0.18041764 -0.15281692],0,1
[-0.18662782 -0.15298769],1,1
[-0.1691599  -0.14571643],0,1
[-0.17898628 -0.16459893],1,1
[-0.18044831 -0.15501867],0,1
[-0.19867265 -0.15183164],1,1
[-0.19185351 -0.16557989],0,1
[-0.17970976 -0.14093998],1,1
[-0.16422354 -0.1417692 ],0,1
[-0.167633   -0.14844213],1,1
[-0.17660579 -0.15052384],0,1
[-0.1733123  -0.15879983],1,1
[-0.16922928 -0.14704147],0,1
[-0.18124601 -0.15670641],1,1
[-0.17470303 -0.1498723 ],0,1
[-0.19748408 -0.16969392],1,1
[-0.19344646 -0.16929576],0,1
[-0.18337111 -0.16131699],1,1
[-0.1934293  -0.15183061],0,1
[-0.1824055 -0.1475262],1,1
[-0.181319  -0.1560212],0,1
[-0.19812863 -0.15920804],1,1
[-0.19699107 -0.1603576 ],0,1
[-0.17297202 -0.16406581],1,1
[-0.18960339 -0.14532594],0,1
[-0.16745397 -0.15850544],1,1
[-0.19147156 -0.12568612],0,1
[-0.18840492 -0.15385228],1,1
[-0.18015139 -0.1484484 ],0,1
[-0.17870611 -0.15953802],1,1
[-0.1805345  -0.15621305],0,1
[-0.1900825 -0.1577506],1,1
[-0.19389026 -0.15158859],0,1
[-0.1752098  -0.14776376],1,1
[-0.1943625  -0.15588489],0,1
[-0.19901808 -0.14854753],1,1
[-0.1697411  -0.13897347],0,1
[-0.18915996 -0.15413216],1,1
[-0.18140057 -0.15484628],0,1
[-0.17265342 -0.16890448],1,1
[-0.19328082 -0.16842279],0,1
[-0.19386669 -0.1506644 ],1,1
[-0.20683487 -0.15220119],0,1
[-0.21152614 -0.1624762 ],1,1
[-0.19132932 -0.14850987],0,1
[-0.18703248 -0.15381634],1,1
[-0.20127454 -0.14650707],0,1
[-0.19823411 -0.15170178],1,1
[-0.19180933 -0.14158437],0,1
[-0.17327367 -0.15372422],1,1
[-0.1865548  -0.14366907],0,1
[-0.18149003 -0.15150549],1,1
[-0.18060076 -0.14387165],0,1
[-0.17570235 -0.15971209],1,1
[-0.1648972  -0.15416148],0,1
[-0.17689449 -0.1580937 ],1,1
[-0.17781521 -0.14567247],0,1
[-0.18828686 -0.1346289 ],1,1
[-0.20284459 -0.13517065],0,1
[-0.17327726 -0.16117424],1,1
[-0.1764008 -0.1513316],0,1
[-0.18516944 -0.1317529 ],1,1
[-0.17063001 -0.14538491],0,1
[-0.1707212  -0.13314162],1,1
[-0.18677428 -0.14237593],0,1
[-0.19395988 -0.1613603 ],1,1
[-0.19888909 -0.15769754],0,1
[-0.17806794 -0.16910917],1,1
[-0.17570567 -0.15367   ],0,1
[-0.18135785 -0.15426576],1,1
[-0.18400995 -0.14760831],0,1
[-0.1761914  -0.14884178],1,1
[-0.19303468 -0.17676695],0,1
[-0.1646416  -0.14449967],1,1
[-0.16752046 -0.15743075],0,1
[-0.20178865 -0.17009023],1,1
[-0.18078065 -0.13419436],0,1
[-0.1745567  -0.14867909],1,1
[-0.17679746 -0.15853606],0,1
[-0.18855807 -0.14409138],1,1
[-0.17585427 -0.12063464],0,1
[-0.15806487 -0.14753237],1,1
[-0.19863307 -0.15878837],0,1
[-0.22027357 -0.15921529],1,1
[-0.18646401 -0.149777  ],0,1
[-0.17268634 -0.15306687],1,1
[-0.18440019 -0.1521653 ],0,1
[-0.16846633 -0.15344019],1,1
[-0.15878691 -0.15195777],0,1
[-0.17428756 -0.1364529 ],1,1
[-0.17388701 -0.13712913],0,1
[-0.19479151 -0.15199704],1,1
[-0.19554256 -0.14870885],0,1
[-0.18373445 -0.14394464],1,1
[-0.1686162  -0.13649179],0,1
[-0.22299461 -0.1616098 ],1,1
[-0.20638053 -0.14367034],0,1
[-0.17769237 -0.1398897 ],1,1
[-0.18553327 -0.13646352],0,1
[-0.19057482 -0.15907407],1,1
[-0.1927615  -0.16016296],0,1
[-0.16858105 -0.16858652],1,0
[-0.17106092 -0.16048132],0,1
[-0.18869285 -0.14031544],1,1
[-0.1856673  -0.14468633],0,1
[-0.20859116 -0.16173512],1,1
[-0.20844169 -0.15272725],0,1
[-0.16821022 -0.16493322],1,1
[-0.17993994 -0.1452744 ],0,1
[-0.19658276 -0.14460765],1,1
[-0.1792183  -0.14395338],0,1
[-0.18866566 -0.13028935],1,1
[-0.20601182 -0.14820425],0,1
[-0.17791341 -0.16439608],1,1
[-0.16704534 -0.16015285],0,1
[-0.16447267 -0.1512085 ],1,1
[-0.18590917 -0.15063828],0,1
[-0.181993   -0.15665452],1,1
[-0.19944543 -0.15801708],0,1
[-0.18108141 -0.1611512 ],1,1
[-0.17440127 -0.14796636],0,1
[-0.19386339 -0.12206755],1,1
[-0.17590602 -0.14907381],0,1
[-0.18600139 -0.13154875],1,1
[-0.17176025 -0.14780308],0,1
[-0.17902096 -0.15242472],1,1
[-0.17076723 -0.15940788],0,1
[-0.19219367 -0.1686888 ],1,1
[-0.18728307 -0.16515712],0,1
[-0.1736548  -0.14689498],1,1
[-0.17157789 -0.14647202],0,1
[-0.19562684 -0.14640887],1,1
[-0.1963085  -0.15896375],0,1
[-0.1950978  -0.15628587],1,1
[-0.1874991  -0.14568554],0,1
[-0.20013756 -0.14417754],1,1
[-0.1971647  -0.14887737],0,1
[-0.17228778 -0.14429446],1,1
[-0.17345485 -0.14681557],0,1
[-0.1820929  -0.15091492],1,1
[-0.17098652 -0.15401073],0,1
[-0.17732851 -0.14298154],1,1
[-0.17352095 -0.12841533],0,1
[-0.16438621 -0.16333006],1,1
[-0.18068981 -0.1519234 ],0,1
[-0.20251487 -0.15789993],1,1
[-0.19990373 -0.16226074],0,1
[-0.17991664 -0.1696908 ],1,1
[-0.17758586 -0.15727314],0,1
[-0.1750064  -0.16375849],1,1
[-0.17307392 -0.15536776],0,1
[-0.1658719 -0.1454367],1,1
[-0.18083909 -0.15082362],0,1
[-0.17644066 -0.14760497],1,1
[-0.19201829 -0.15565284],0,1
[-0.18450195 -0.16667362],1,1
[-0.17712383 -0.14697433],0,1
[-0.16634269 -0.14305839],1,1
[-0.18168016 -0.13858572],0,1
[-0.18246412 -0.15458274],1,1
[-0.20535985 -0.15946242],0,1
[-0.17151466 -0.1361819 ],1,1
[-0.17226867 -0.14921606],0,1
[-0.18753152 -0.14044303],1,1
[-0.17621547 -0.14510739],0,1
[-0.19207045 -0.1597163 ],1,1
[-0.17298397 -0.15675989],0,1
[-0.20568565 -0.16437672],1,1
[-0.1862274  -0.15134563],0,1
[-0.17820953 -0.150914  ],1,1
[-0.19108628 -0.1427379 ],0,1
[-0.18007395 -0.13746803],1,1
[-0.19630794 -0.13851418],0,1
[-0.17278036 -0.14744137],1,1
[-0.18789695 -0.15660542],0,1
[-0.18358968 -0.15323481],1,1
[-0.17542109 -0.16959628],0,1
[-0.16792259 -0.1370005 ],1,1
[-0.18165763 -0.15122479],0,1
[-0.19518276 -0.15205057],1,1
[-0.19366622 -0.14768684],0,1
[-0.18481652 -0.15777433],1,1
[-0.1888528  -0.15604523],0,1
[-0.19092026 -0.15861082],1,1
[-0.20106375 -0.15285347],0,1
[-0.17250116 -0.14198135],1,1
[-0.17845511 -0.14711823],0,1
[-0.1872541  -0.15943511],1,1
[-0.19795074 -0.15262617],0,1
[-0.17096734 -0.13100249],1,1
[-0.2088691 -0.1385039],0,1
[-0.177241   -0.16304061],1,1
[-0.18457958 -0.16582257],0,1
[-0.17674135 -0.15647319],1,1
[-0.19967753 -0.16056664],0,1
[-0.18817225 -0.14109163],1,1
[-0.18969153 -0.14388616],0,1
[-0.19729725 -0.12475031],1,1
[-0.17132932 -0.15661702],0,1
[-0.18866812 -0.16056922],1,1
[-0.18241076 -0.15267333],0,1
[-0.18616632 -0.1598974 ],1,1
[-0.18768534 -0.15443295],0,1
[-0.19465025 -0.16522935],1,1
[-0.19129406 -0.15360901],0,1
[-0.19295956 -0.14471367],1,1
[-0.19169913 -0.12221436],0,1
[-0.18765347 -0.15231675],1,1
[-0.18952085 -0.12994121],0,1
[-0.19984877 -0.16317362],1,1
[-0.17683046 -0.13972124],0,1
[-0.19081946 -0.1603855 ],1,1
[-0.19592986 -0.15216534],0,1
[-0.18666334 -0.16977595],1,1
[-0.1836941  -0.17451657],0,1
[-0.16188452 -0.1684442 ],1,0
[-0.17281343 -0.16398191],0,1
[-0.19782156 -0.1528766 ],1,1
[-0.19033968 -0.17037134],0,1
[-0.18084131 -0.16138934],1,1
[-0.20502695 -0.16024145],0,1
[-0.17966014 -0.15378943],1,1
[-0.17041777 -0.16066396],0,1
[-0.17371383 -0.14653522],1,1
[-0.18744974 -0.1661565 ],0,1
[-0.18506068 -0.15501817],1,1
[-0.18628061 -0.14506939],0,1
[-0.1731944  -0.14503622],1,1
[-0.17192325 -0.14685345],0,1
[-0.19269377 -0.15370788],1,1
[-0.19288006 -0.14185233],0,1
[-0.17833188 -0.16240686],1,1
[-0.21224098 -0.14160043],0,1
[-0.18919642 -0.14651942],1,1
[-0.17323777 -0.14104766],0,1
[-0.18985178 -0.15577346],1,1
[-0.20016661 -0.13979572],0,1
[-0.18840766 -0.14836153],1,1
[-0.1951897  -0.14695643],0,1
[-0.18109706 -0.14693512],1,1
[-0.19957635 -0.15500276],0,1
[-0.17517082 -0.14793496],1,1
[-0.17904384 -0.15841836],0,1
[-0.188316   -0.10751667],1,1
[-0.17880057 -0.11893369],0,1
[-0.1980245  -0.15417463],1,1
[-0.1819756  -0.14920847],0,1
[-0.19114356 -0.14399557],1,1
[-0.18334107 -0.13430081],0,1
[-0.18678993 -0.14764698],1,1
[-0.1769759  -0.15274134],0,1
[-0.18068472 -0.15720598],1,1
[-0.17392977 -0.14984272],0,1
[-0.18013538 -0.16797242],1,1
[-0.19731797 -0.17177595],0,1
[-0.19397357 -0.14907889],1,1
[-0.20110092 -0.15549597],0,1
[-0.18607715 -0.1632776 ],1,1
[-0.18085319 -0.15854783],0,1
[-0.18846786 -0.15151687],1,1
[-0.18753895 -0.15067829],0,1
[-0.18379125 -0.1504553 ],1,1
[-0.17316131 -0.14462288],0,1
[-0.18056211 -0.13461827],1,1
[-0.19245727 -0.14324966],0,1
[-0.17907417 -0.14042556],1,1
[-0.18889861 -0.1515106 ],0,1
[-0.16468537 -0.1751304 ],1,0
[-0.14817487 -0.15179332],0,0
[-0.17301847 -0.15241319],1,1
[-0.18275817 -0.15033297],0,1
[-0.2021596 -0.1578215],1,1
[-0.16463046 -0.14231424],0,1
[-0.18348975 -0.13680021],1,1
[-0.17814003 -0.13755898],0,1
[-0.18708414 -0.16517207],1,1
[-0.17362928 -0.13967659],0,1
[-0.1886659  -0.16014431],1,1
[-0.17472132 -0.1572649 ],0,1
[-0.18261112 -0.16925037],1,1
[-0.19219564 -0.17683987],0,1
[-0.19184256 -0.16220567],1,1
[-0.18428387 -0.16499431],0,1
[-0.19262592 -0.13756151],1,1
[-0.2010325  -0.15941574],0,1
[-0.18765932 -0.14316238],1,1
[-0.1830418  -0.14553468],0,1
[-0.18592012 -0.15720698],1,1
[-0.18110391 -0.14589404],0,1
[-0.18554944 -0.1666415 ],1,1
[-0.17836042 -0.15598299],0,1
[-0.19059698 -0.1592206 ],1,1
[-0.19569059 -0.15962398],0,1
[-0.17656812 -0.16723904],1,1
[-0.17826982 -0.15198816],0,1
[-0.18728845 -0.1569328 ],1,1
[-0.19742781 -0.17164059],0,1
[-0.19469471 -0.13169043],1,1
[-0.20337714 -0.13770418],0,1
[-0.15268004 -0.14771964],1,1
[-0.16276571 -0.138059  ],0,1
[-0.19760752 -0.14051601],1,1
[-0.18814074 -0.16416126],0,1
[-0.19623666 -0.16440852],1,1
[-0.18673922 -0.1392249 ],0,1
[-0.16825527 -0.14970148],1,1
[-0.17997946 -0.1540118 ],0,1
[-0.20136361 -0.15501912],1,1
[-0.1881359  -0.16065362],0,1
[-0.19193615 -0.14924094],1,1
[-0.17983182 -0.16021807],0,1
[-0.1802189  -0.14851825],1,1
[-0.17816728 -0.15846662],0,1
[-0.18101019 -0.15912841],1,1
[-0.17432092 -0.1517205 ],0,1
[-0.17192164 -0.1630644 ],1,1
[-0.17380004 -0.15513958],0,1
[-0.18688719 -0.15388036],1,1
[-0.19461085 -0.16059819],0,1
[-0.17226423 -0.15561442],1,1
[-0.17604135 -0.13393112],0,1
[-0.1758757  -0.16592216],1,1
[-0.18642029 -0.1699577 ],0,1
[-0.2143438  -0.14826755],1,1
[-0.21966556 -0.16636577],0,1
[-0.1793333  -0.14835723],1,1
[-0.18079968 -0.15847898],0,1
[-0.1768886  -0.16963206],1,1
[-0.16930105 -0.14379074],0,1
[-0.18501005 -0.15167211],1,1
[-0.19138546 -0.16070946],0,1
[-0.17192368 -0.15948798],1,1
[-0.16552977 -0.15471458],0,1
[-0.1678983  -0.14876084],1,1
[-0.19461413 -0.13805231],0,1
[-0.18869036 -0.13845958],1,1
[-0.19251518 -0.14952339],0,1
[-0.178057   -0.16677123],1,1
[-0.19405228 -0.14860463],0,1
[-0.1792005  -0.13831988],1,1
[-0.17906466 -0.1294263 ],0,1
[-0.16357943 -0.15284537],1,1
[-0.17173469 -0.16778603],0,1
[-0.20286722 -0.16570227],1,1
[-0.19989586 -0.16599137],0,1
[-0.19180298 -0.15450656],1,1
[-0.17279547 -0.1705549 ],0,1
[-0.17641728 -0.13533093],1,1
[-0.17951015 -0.13143109],0,1
[-0.2058678  -0.16602774],1,1
[-0.2043712  -0.15888512],0,1
[-0.17245425 -0.14992054],1,1
[-0.18482365 -0.13760349],0,1
[-0.19932595 -0.15553075],1,1
[-0.18553533 -0.16135804],0,1
[-0.1863747  -0.15397935],1,1
[-0.17245534 -0.1564309 ],0,1
[-0.19733442 -0.14591634],1,1
[-0.20896018 -0.15091404],0,1
[-0.16347717 -0.1381403 ],1,1
[-0.16274638 -0.14640477],0,1
[-0.20416172 -0.1396943 ],1,1
[-0.19933006 -0.16731222],0,1
[-0.17173633 -0.15614784],1,1
[-0.16646865 -0.14187092],0,1
[-0.17926608 -0.15680626],1,1
[-0.18135542 -0.16257828],0,1
[-0.1717605  -0.15238786],1,1
[-0.1796679  -0.15555733],0,1
[-0.17102125 -0.16247866],1,1
[-0.17318067 -0.15326239],0,1
[-0.18490028 -0.15567006],1,1
[-0.17493206 -0.13247272],0,1
[-0.1881516  -0.15499586],1,1
[-0.17356563 -0.15758662],0,1
[-0.20332721 -0.1627844 ],1,1
[-0.20977515 -0.15328373],0,1
[-0.17722577 -0.16097675],1,1
[-0.20484379 -0.15256855],0,1
[-0.19766833 -0.14602935],1,1
[-0.1905788  -0.14672107],0,1
[-0.18386297 -0.16560462],1,1
[-0.18633209 -0.15738444],0,1
[-0.20397823 -0.16269924],1,1
[-0.17996106 -0.14475785],0,1
[-0.20272595 -0.16657446],1,1
[-0.17445186 -0.14150105],0,1
[-0.17329286 -0.1410115 ],1,1
[-0.18966444 -0.13714303],0,1
[-0.17951018 -0.16648588],1,1
[-0.17366819 -0.16553585],0,1
[-0.18347436 -0.15473057],1,1
[-0.20270945 -0.15843272],0,1
[-0.18695863 -0.14984252],1,1
[-0.17373513 -0.14514661],0,1
[-0.17083569 -0.16030818],1,1
[-0.17918324 -0.13296899],0,1
[-0.19548635 -0.15121871],1,1
[-0.19277127 -0.16497588],0,1
[-0.18438941 -0.16094919],1,1
[-0.17820789 -0.14758207],0,1
[-0.18074659 -0.15422954],1,1
[-0.19314002 -0.15717994],0,1
[-0.16788685 -0.15838899],1,1
[-0.1621564  -0.13930851],0,1
[-0.17921346 -0.1557682 ],1,1
[-0.1741688  -0.14701962],0,1
[-0.18809527 -0.14292315],1,1
[-0.19084999 -0.14878121],0,1
[-0.18696137 -0.14210422],1,1
[-0.20689653 -0.16063076],0,1
[-0.20456068 -0.159135  ],1,1
[-0.19325103 -0.15063441],0,1
[-0.18844901 -0.17002676],1,1
[-0.18367732 -0.15023042],0,1
[-0.18905514 -0.17158534],1,1
[-0.20314234 -0.16853604],0,1
[-0.18243827 -0.15768375],1,1
[-0.17116949 -0.16094106],0,1
[-0.20306958 -0.13962723],1,1
[-0.19929998 -0.12935145],0,1
[-0.1895642 -0.1626585],1,1
[-0.1806984  -0.15343626],0,1
[-0.18140565 -0.15402758],1,1
[-0.19487609 -0.14344408],0,1
[-0.17023885 -0.15817933],1,1
[-0.18764459 -0.1394055 ],0,1
[-0.1875555  -0.15238626],1,1
[-0.19516072 -0.15263103],0,1
[-0.19389977 -0.14391428],1,1
[-0.18817432 -0.1540519 ],0,1
[-0.18407954 -0.14460924],1,1
[-0.18355466 -0.15368395],0,1
[-0.17082052 -0.13802035],1,1
[-0.18670152 -0.13717608],0,1
[-0.16343074 -0.15666284],1,1
[-0.16610058 -0.15127726],0,1
[-0.1725006  -0.13022031],1,1
[-0.162168   -0.14811811],0,1
[-0.18088627 -0.14408812],1,1
[-0.18058595 -0.16276641],0,1
[-0.19339408 -0.14715911],1,1
[-0.17719223 -0.14576449],0,1
[-0.17890154 -0.15767963],1,1
[-0.1983098  -0.14706945],0,1
[-0.18526304 -0.15573588],1,1
[-0.17995277 -0.1492992 ],0,1
[-0.18516868 -0.15013558],1,1
[-0.18820672 -0.14595066],0,1
[-0.17086786 -0.15512598],1,1
[-0.16761513 -0.15025544],0,1
[-0.1841883 -0.1609526],1,1
[-0.19615062 -0.16565436],0,1
[-0.17831944 -0.14112976],1,1
[-0.18472199 -0.15506604],0,1
[-0.18449414 -0.16130659],1,1
[-0.18267603 -0.14296871],0,1
[-0.17458326 -0.14878303],1,1
[-0.17003238 -0.14807187],0,1
[-0.17513937 -0.14082713],1,1
[-0.18742555 -0.14785485],0,1
[-0.16713712 -0.13510227],1,1
[-0.17521225 -0.12720208],0,1
[-0.17619476 -0.14127357],1,1
[-0.17541453 -0.15122053],0,1
[-0.1981676  -0.17213815],1,1
[-0.1850468  -0.14712588],0,1
[-0.16609895 -0.16162455],1,1
[-0.19182713 -0.14217865],0,1
[-0.16990343 -0.13816749],1,1
[-0.17493598 -0.12805042],0,1
[-0.19351803 -0.14974521],1,1
[-0.18721932 -0.15225548],0,1
[-0.18057406 -0.15863518],1,1
[-0.17273955 -0.14062037],0,1
[-0.19058134 -0.14836006],1,1
[-0.18576984 -0.16463462],0,1
[-0.17954439 -0.14851311],1,1
[-0.17890546 -0.14596911],0,1
[-0.21367726 -0.15206294],1,1
[-0.1772986 -0.1571568],0,1
[-0.1843018 -0.1717711],1,1
[-0.19019592 -0.15294597],0,1
[-0.17851958 -0.15101324],1,1
[-0.16358276 -0.14255881],0,1
[-0.18665996 -0.15680839],1,1
[-0.17995226 -0.15586096],0,1
[-0.1836146  -0.13634764],1,1
[-0.20010836 -0.13027099],0,1
[-0.19027169 -0.14449447],1,1
[-0.16065899 -0.15037638],0,1
[-0.15999068 -0.16303   ],1,0
[-0.17369272 -0.1864042 ],0,0
[-0.18842275 -0.14243191],1,1
[-0.1943602  -0.15030745],0,1
[-0.2034017  -0.17039219],1,1
[-0.19820042 -0.15805364],0,1
[-0.17703858 -0.16575365],1,1
[-0.17831266 -0.14842865],0,1
[-0.18235546 -0.15010582],1,1
[-0.20218532 -0.15173014],0,1
[-0.18593633 -0.16691417],1,1
[-0.17737716 -0.15440801],0,1
[-0.17752084 -0.1506484 ],1,1
[-0.19628789 -0.14791475],0,1
[-0.19597651 -0.158578  ],1,1
[-0.1947352 -0.1538235],0,1
[-0.19725302 -0.16946083],1,1
[-0.18968433 -0.15053481],0,1
[-0.1879131 -0.1554457],1,1
[-0.1891122  -0.16408046],0,1
[-0.18243273 -0.15853468],1,1
[-0.18449682 -0.1483121 ],0,1
[-0.18398327 -0.16660497],1,1
[-0.20163615 -0.13478479],0,1
[-0.1771737  -0.16367798],1,1
[-0.1766894  -0.15635034],0,1
[-0.18074217 -0.14181961],1,1
[-0.21999092 -0.16746464],0,1
[-0.19699593 -0.16474901],1,1
[-0.18323971 -0.13764822],0,1
[-0.16970344 -0.15650903],1,1
[-0.18772872 -0.15041144],0,1
[-0.16277248 -0.16336323],1,0
[-0.17790161 -0.15054503],0,1
[-0.20083421 -0.15618993],1,1
[-0.18358897 -0.14532006],0,1
[-0.17872885 -0.15176763],1,1
[-0.18148871 -0.14839913],0,1
[-0.18289466 -0.15144368],1,1
[-0.18210624 -0.14114742],0,1
[-0.18988505 -0.14501107],1,1
[-0.20102954 -0.15358642],0,1
[-0.17202084 -0.16103296],1,1
[-0.17048223 -0.14497632],0,1
[-0.19737771 -0.14530241],1,1
[-0.20811884 -0.15522626],0,1
[-0.19139099 -0.16689819],1,1
[-0.17370388 -0.1577753 ],0,1
[-0.17936939 -0.15526792],1,1
[-0.1757882  -0.13404846],0,1
[-0.17471772 -0.13533634],1,1
[-0.17122293 -0.14873129],0,1
[-0.173508   -0.16721845],1,1
[-0.1903627  -0.15664491],0,1
[-0.1688403  -0.16515654],1,1
[-0.17650856 -0.16139096],0,1
[-0.18570954 -0.1507457 ],1,1
[-0.17991701 -0.146235  ],0,1
[-0.1706703  -0.16735806],1,1
[-0.18077302 -0.16192678],0,1
[-0.19022918 -0.15604348],1,1
[-0.18523583 -0.15443368],0,1
[-0.18393658 -0.1422823 ],1,1
[-0.18408483 -0.14438513],0,1
[-0.1799547 -0.143467 ],1,1
[-0.17114396 -0.1434    ],0,1
[-0.19014312 -0.14062415],1,1
[-0.19558625 -0.14921726],0,1
[-0.17852084 -0.1523538 ],1,1
[-0.21488677 -0.17096953],0,1
[-0.16960551 -0.1382103 ],1,1
[-0.19444275 -0.15189768],0,1
[-0.20465435 -0.15427004],1,1
[-0.1903142  -0.14719811],0,1
[-0.16074233 -0.13441695],1,1
[-0.16881038 -0.12850621],0,1
[-0.195056   -0.15369245],1,1
[-0.1799845  -0.14869758],0,1
[-0.17398697 -0.13180996],1,1
[-0.1854644  -0.14577593],0,1
[-0.17279942 -0.15587023],1,1
[-0.16922654 -0.14037097],0,1
[-0.2007764  -0.15143913],1,1
[-0.19374202 -0.14928572],0,1
[-0.1595769  -0.14603211],1,1
[-0.16601959 -0.14657335],0,1
[-0.21349353 -0.17056502],1,1
[-0.17786206 -0.15467753],0,1
[-0.20446156 -0.16221473],1,1
[-0.18922196 -0.18295737],0,1
[-0.18242028 -0.17160732],1,1
[-0.1968274  -0.18202385],0,1
[-0.16271962 -0.15344106],1,1
[-0.17383717 -0.14445177],0,1
[-0.17750654 -0.14207543],1,1
[-0.20058523 -0.1547079 ],0,1
[-0.16826758 -0.16126683],1,1
[-0.18158232 -0.15788051],0,1
[-0.17269705 -0.15148035],1,1
[-0.1692059  -0.14744525],0,1
[-0.19188696 -0.15300593],1,1
[-0.1874167  -0.13577291],0,1
[-0.17587188 -0.15215735],1,1
[-0.17486027 -0.1412375 ],0,1
[-0.18615991 -0.15423366],1,1
[-0.20361511 -0.15942293],0,1
[-0.18557362 -0.15517919],1,1
[-0.17595245 -0.15804078],0,1
[-0.16279793 -0.17287393],1,0
[-0.18668841 -0.15474868],0,1
[-0.17401427 -0.16735101],1,1
[-0.18642294 -0.15993632],0,1
[-0.1861812  -0.13780534],1,1
[-0.20887429 -0.15387566],0,1
[-0.19747993 -0.14255667],1,1
[-0.18919782 -0.13030022],0,1
[-0.18783765 -0.1558104 ],1,1
[-0.20016736 -0.1473289 ],0,1
[-0.21009068 -0.16052002],1,1
[-0.18922877 -0.15459853],0,1
[-0.17614022 -0.15137622],1,1
[-0.18318437 -0.15540104],0,1
[-0.19311513 -0.15081893],1,1
[-0.20604983 -0.15175256],0,1
[-0.18029338 -0.15575066],1,1
[-0.18241431 -0.1458374 ],0,1
[-0.18510444 -0.15329568],1,1
[-0.16640587 -0.13587387],0,1
[-0.19340385 -0.15604493],1,1
[-0.2037856  -0.16538481],0,1
[-0.17381707 -0.15890178],1,1
[-0.17699629 -0.15785669],0,1
[-0.1628619  -0.15195385],1,1
[-0.18231018 -0.1593802 ],0,1
[-0.20073207 -0.14852023],1,1
[-0.19280484 -0.15846583],0,1
[-0.17021646 -0.15135953],1,1
[-0.17973667 -0.16372943],0,1
[-0.19042934 -0.14753558],1,1
[-0.18299009 -0.14204867],0,1
[-0.17732133 -0.15580846],1,1
[-0.16642614 -0.13768245],0,1
[-0.19068846 -0.16215348],1,1
[-0.19612265 -0.1593472 ],0,1
[-0.16987033 -0.14992401],1,1
[-0.176707   -0.16744134],0,1
[-0.18605112 -0.16817036],1,1
[-0.19283636 -0.16006382],0,1
[-0.19181125 -0.15980585],1,1
[-0.18134782 -0.15968846],0,1
[-0.17659281 -0.1436183 ],1,1
[-0.1899913  -0.15809298],0,1
[-0.1893994  -0.12990586],1,1
[-0.2185704  -0.15156679],0,1
[-0.17645979 -0.15666772],1,1
[-0.18239208 -0.14390889],0,1
[-0.17941408 -0.14924642],1,1
[-0.18962157 -0.1436767 ],0,1
[-0.16931032 -0.15638188],1,1
[-0.1906194  -0.14335378],0,1
[-0.20371671 -0.1391659 ],1,1
[-0.20111816 -0.13515188],0,1
[-0.18060918 -0.15577072],1,1
[-0.17336915 -0.13160922],0,1
[-0.1877027 -0.1531661],1,1
[-0.19901915 -0.147774  ],0,1
[-0.18803783 -0.15419926],1,1
[-0.2016313  -0.13859954],0,1
[-0.17920385 -0.16099283],1,1
[-0.17399365 -0.14174785],0,1
[-0.1855587  -0.15625004],1,1
[-0.2052355  -0.14582355],0,1
[-0.18281423 -0.15434307],1,1
[-0.17521538 -0.16079584],0,1
[-0.19342601 -0.16252215],1,1
[-0.18881992 -0.16729364],0,1
[-0.1899606  -0.15877245],1,1
[-0.20311601 -0.14720145],0,1
[-0.18842287 -0.15744926],1,1
[-0.18552947 -0.16027382],0,1
[-0.18937393 -0.14888813],1,1
[-0.2026581  -0.13995832],0,1
[-0.19119631 -0.14848466],1,1
[-0.1955444  -0.13882005],0,1
[-0.1777368 -0.1613254],1,1
[-0.17444198 -0.1657992 ],0,1
[-0.18147248 -0.15432192],1,1
[-0.16553567 -0.14883955],0,1
[-0.16655482 -0.17046112],1,0
[-0.17817825 -0.15724884],0,1
[-0.17992043 -0.14749092],1,1
[-0.19192241 -0.16517057],0,1
[-0.19649027 -0.15777731],1,1
[-0.18017504 -0.139557  ],0,1
[-0.1968884  -0.16355367],1,1
[-0.18196256 -0.16267449],0,1
[-0.1940991  -0.15472865],1,1
[-0.17894804 -0.14624032],0,1
[-0.16362052 -0.15093145],1,1
[-0.18473026 -0.15754399],0,1
[-0.19377911 -0.17637768],1,1
[-0.2096483 -0.1733982],0,1
[-0.17064586 -0.14189014],1,1
[-0.16846862 -0.14426376],0,1
[-0.18034671 -0.15390696],1,1
[-0.20782211 -0.1500491 ],0,1
[-0.17849997 -0.14743768],1,1
[-0.18519776 -0.15178764],0,1
[-0.19177575 -0.1460467 ],1,1
[-0.20916054 -0.15082514],0,1
[-0.19469993 -0.1542948 ],1,1
[-0.17517537 -0.1332694 ],0,1
[-0.1730216  -0.16845855],1,1
[-0.17519204 -0.16989635],0,1
[-0.19086543 -0.14224811],1,1
[-0.18586072 -0.13825274],0,1
[-0.17092393 -0.16564003],1,1
[-0.17524277 -0.16405444],0,1
[-0.1905955  -0.16567977],1,1
[-0.16918585 -0.15774798],0,1
[-0.19582254 -0.15154226],1,1
[-0.17879608 -0.13999717],0,1
[-0.18419877 -0.15035546],1,1
[-0.16857652 -0.13442446],0,1
[-0.18667708 -0.16738845],1,1
[-0.17112288 -0.15038057],0,1
[-0.18343967 -0.15540268],1,1
[-0.16673203 -0.14823161],0,1
[-0.18272458 -0.15502782],1,1
[-0.1761683  -0.15337935],0,1
[-0.17736085 -0.14576699],1,1
[-0.19041567 -0.14144453],0,1
[-0.19557038 -0.13190548],1,1
[-0.19434616 -0.14567752],0,1
[-0.18324229 -0.1559892 ],1,1
[-0.18238978 -0.17726013],0,1
[-0.18765506 -0.15269299],1,1
[-0.17581512 -0.14141004],0,1
[-0.17884745 -0.14813928],1,1
[-0.17525263 -0.14786458],0,1
[-0.17754586 -0.14698346],1,1
[-0.19325356 -0.14880235],0,1
[-0.18143108 -0.15159003],1,1
[-0.18582714 -0.14547168],0,1
[-0.19672772 -0.14807841],1,1
[-0.1880136  -0.14736271],0,1
[-0.19349462 -0.14947174],1,1
[-0.22574684 -0.15927728],0,1
[-0.17433779 -0.14149602],1,1
[-0.19909397 -0.15064487],0,1
[-0.17832763 -0.16586092],1,1
[-0.16550371 -0.15743634],0,1
[-0.18461482 -0.15646237],1,1
[-0.18839617 -0.15277411],0,1
[-0.17486809 -0.14210345],1,1
[-0.17263015 -0.14776406],0,1
[-0.1872619  -0.15243934],1,1
[-0.17116216 -0.14356056],0,1
[-0.19404244 -0.1590911 ],1,1
[-0.19541202 -0.1509623 ],0,1
[-0.18116148 -0.14860687],1,1
[-0.18564145 -0.15260343],0,1
[-0.17401822 -0.16680722],1,1
[-0.17397894 -0.17548832],0,0
[-0.182985   -0.15570477],1,1
[-0.17614983 -0.1567962 ],0,1
[-0.2021157  -0.14376527],1,1
[-0.20390375 -0.13764593],0,1
[-0.1838789  -0.15196168],1,1
[-0.189442   -0.15501949],0,1
[-0.18705422 -0.15180838],1,1
[-0.18152702 -0.12941001],0,1
[-0.15286218 -0.1411285 ],1,1
[-0.1743808  -0.15750699],0,1
[-0.17759795 -0.15424769],1,1
[-0.18439798 -0.13838872],0,1
[-0.20306885 -0.14263484],1,1
[-0.18240146 -0.14662352],0,1
[-0.18437794 -0.15304667],1,1
[-0.1691288 -0.1502539],0,1
[-0.17490543 -0.15247934],1,1
[-0.17990996 -0.15283673],0,1
[-0.17342377 -0.14296824],1,1
[-0.16720754 -0.15039235],0,1
[-0.17846303 -0.15372892],1,1
[-0.18352622 -0.14777786],0,1
[-0.17398278 -0.1617185 ],1,1
[-0.16783758 -0.15238167],0,1
[-0.17937468 -0.150747  ],1,1
[-0.18601197 -0.15656282],0,1
[-0.18640672 -0.1520149 ],1,1
[-0.1705378 -0.1422837],0,1
[-0.17829898 -0.1318944 ],1,1
[-0.1853978  -0.15796359],0,1
[-0.19645426 -0.16507182],1,1
[-0.18487115 -0.14948677],0,1
[-0.18995433 -0.16641328],1,1
[-0.17496876 -0.16870506],0,1
[-0.19022037 -0.15107   ],1,1
[-0.18652605 -0.15401153],0,1
[-0.16134831 -0.13553633],1,1
[-0.17701824 -0.1446832 ],0,1
[-0.17775679 -0.15363573],1,1
[-0.18453339 -0.15782622],0,1
[-0.17162313 -0.15902948],1,1
[-0.18779689 -0.1603151 ],0,1
[-0.16644292 -0.14608884],1,1
[-0.18030758 -0.14537601],0,1
[-0.19693086 -0.15674263],1,1
[-0.17977823 -0.1494436 ],0,1
[-0.18551631 -0.1611607 ],1,1
[-0.1833512  -0.16251205],0,1
[-0.18293805 -0.15112711],1,1
[-0.16960986 -0.14423858],0,1
[-0.17289037 -0.1626665 ],1,1
[-0.20326254 -0.15049   ],0,1
[-0.19140966 -0.16678266],1,1
[-0.17683053 -0.14380048],0,1
[-0.16939624 -0.13753006],1,1
[-0.18926696 -0.14027059],0,1
[-0.20094678 -0.16092263],1,1
[-0.18502063 -0.14602324],0,1
[-0.18214661 -0.14232293],1,1
[-0.20356645 -0.14756484],0,1
[-0.18990049 -0.14962849],1,1
[-0.1804213  -0.14711738],0,1
[-0.19336894 -0.16922374],1,1
[-0.1818447  -0.15749687],0,1
[-0.18923347 -0.16010898],1,1
[-0.16589531 -0.15230873],0,1
[-0.17058517 -0.1510659 ],1,1
[-0.17941359 -0.15962522],0,1
[-0.1686472  -0.13802834],1,1
[-0.16655554 -0.13635412],0,1
[-0.193226   -0.15435722],1,1
[-0.18137088 -0.14390035],0,1
[-0.17870483 -0.14142223],1,1
[-0.1829953  -0.15730852],0,1
[-0.21062899 -0.16139203],1,1
[-0.20032279 -0.17734398],0,1
[-0.16771603 -0.15814005],1,1
[-0.15764642 -0.12899257],0,1
[-0.18005419 -0.15508878],1,1
[-0.15983257 -0.15636572],0,1
[-0.18485625 -0.14176224],1,1
[-0.1827173 -0.1590805],0,1
[-0.1863042  -0.15505242],1,1
[-0.1751581  -0.15591103],0,1
[-0.18759792 -0.16028653],1,1
[-0.18073486 -0.15236568],0,1
[-0.18928413 -0.14840487],1,1
[-0.20300825 -0.1685472 ],0,1
[-0.19652586 -0.14549987],1,1
[-0.16527905 -0.15009992],0,1
[-0.1879795  -0.15891612],1,1
[-0.19537939 -0.15786251],0,1
[-0.18068363 -0.1489119 ],1,1
[-0.19375767 -0.14054208],0,1
[-0.1722605 -0.1470385],1,1
[-0.17285442 -0.1428132 ],0,1
[-0.17748182 -0.15771341],1,1
[-0.16625309 -0.14342502],0,1
[-0.16879086 -0.13838424],1,1
[-0.19463979 -0.14290562],0,1
[-0.19773512 -0.1797039 ],1,1
[-0.19839847 -0.1698725 ],0,1
[-0.19092225 -0.13192108],1,1
[-0.17064475 -0.1505268 ],0,1
[-0.18426682 -0.14764987],1,1
[-0.19843894 -0.15175763],0,1
[-0.19109707 -0.16817299],1,1
[-0.18259999 -0.15161954],0,1
[-0.19034159 -0.13763621],1,1
[-0.18983814 -0.14105932],0,1
[-0.16491637 -0.16083524],1,1
[-0.18272072 -0.15538475],0,1
[-0.20379539 -0.15528254],1,1
[-0.22080863 -0.15119252],0,1
[-0.17304724 -0.15155679],1,1
[-0.19038007 -0.16021532],0,1
[-0.19197395 -0.15015276],1,1
[-0.20739192 -0.15548463],0,1
[-0.18384916 -0.15250322],1,1
[-0.1790406  -0.14784402],0,1
[-0.18995461 -0.146451  ],1,1
[-0.18904828 -0.13336803],0,1
[-0.18422526 -0.14601493],1,1
[-0.1811429  -0.14555715],0,1
[-0.18562457 -0.15401231],1,1
[-0.20290971 -0.15292837],0,1
[-0.17647503 -0.15350237],1,1
[-0.18112929 -0.1546825 ],0,1
[-0.17510414 -0.15691246],1,1
[-0.16922402 -0.16199233],0,1
[-0.19968833 -0.15259571],1,1
[-0.19641133 -0.14051695],0,1
[-0.18608454 -0.14269209],1,1
[-0.1753897 -0.1624415],0,1
[-0.20293717 -0.14688027],1,1
[-0.18784156 -0.1468354 ],0,1
[-0.17150624 -0.16903539],1,1
[-0.16641256 -0.15841156],0,1
[-0.18243444 -0.15359873],1,1
[-0.18026704 -0.15325335],0,1
[-0.21172275 -0.1530475 ],1,1
[-0.2017815  -0.15532316],0,1
[-0.19671765 -0.15192202],1,1
[-0.19907655 -0.14941266],0,1
[-0.17918813 -0.1751667 ],1,1
[-0.1984179 -0.1679482],0,1
[-0.2013122  -0.14860131],1,1
[-0.18256211 -0.13527492],0,1
[-0.17101352 -0.15725693],1,1
[-0.16749457 -0.1475389 ],0,1
[-0.1736151  -0.13238534],1,1
[-0.1764985  -0.14797048],0,1
[-0.18796892 -0.15849307],1,1
[-0.1929046  -0.14470793],0,1
[-0.16834983 -0.14120242],1,1
[-0.18956898 -0.1597774 ],0,1
[-0.20494783 -0.15036307],1,1
[-0.1878777  -0.15511201],0,1
[-0.17346649 -0.14019012],1,1
[-0.17427903 -0.14594555],0,1
[-0.1922102  -0.16375263],1,1
[-0.19357644 -0.16520676],0,1
[-0.18372412 -0.14862898],1,1
[-0.13686949 -0.070487  ],0,1
[-0.18115716 -0.16186206],1,1
[-0.17627153 -0.15487662],0,1
[-0.21497498 -0.15368493],1,1
[-0.19543193 -0.1567975 ],0,1
[-0.17010914 -0.15142189],1,1
[-0.19022591 -0.15765962],0,1
[-0.19976553 -0.15538533],1,1
[-0.18724436 -0.13933629],0,1
[-0.19230422 -0.16202328],1,1
[-0.19107312 -0.16782236],0,1
[-0.1776294  -0.15871926],1,1
[-0.18533128 -0.14269051],0,1
[-0.17752708 -0.14881355],1,1
[-0.17813969 -0.14731485],0,1
[-0.21183309 -0.1584162 ],1,1
[-0.19788693 -0.14384557],0,1
[-0.18420826 -0.13751283],1,1
[-0.17440678 -0.14101589],0,1
[-0.1758824  -0.14738525],1,1
[-0.18062454 -0.1379888 ],0,1
[-0.17557426 -0.15587063],1,1
[-0.17543565 -0.15907764],0,1
[-0.19189417 -0.14291936],1,1
[-0.1930911  -0.13575777],0,1
[-0.17843093 -0.16066848],1,1
[-0.1917159  -0.15136701],0,1
[-0.19200619 -0.14031771],1,1
[-0.19943312 -0.14075091],0,1
[-0.17792842 -0.16301449],1,1
[-0.17642389 -0.1513664 ],0,1
[-0.2092232  -0.17189968],1,1
[-0.19525376 -0.15384865],0,1
[-0.20102936 -0.14213298],1,1
[-0.18752421 -0.16398712],0,1
[-0.17110495 -0.16600356],1,1
[-0.1850044  -0.15493158],0,1
[-0.19674459 -0.16485989],1,1
[-0.19684081 -0.15641214],0,1
[-0.20484073 -0.15587102],1,1
[-0.19278267 -0.16625564],0,1
[-0.19199441 -0.14730637],1,1
[-0.18302162 -0.14997847],0,1
[-0.1755677  -0.16002707],1,1
[-0.18823263 -0.1538786 ],0,1
[-0.1977503  -0.15903243],1,1
[-0.18756989 -0.1720136 ],0,1
[-0.20020744 -0.16063109],1,1
[-0.19967733 -0.15176968],0,1
[-0.18007031 -0.13384403],1,1
[-0.16544124 -0.14676033],0,1
[-0.16739322 -0.16382869],1,1
[-0.1678814  -0.16370384],0,1
[-0.1798361  -0.13845058],1,1
[-0.19873968 -0.1629837 ],0,1
[-0.17923939 -0.15287521],1,1
[-0.16902184 -0.16915888],0,0
[-0.17803589 -0.15160799],1,1
[-0.17614123 -0.12988831],0,1
[-0.18258622 -0.15388672],1,1
[-0.17371385 -0.15256712],0,1
[-0.21210025 -0.15801345],1,1
[-0.20333497 -0.15174337],0,1
[-0.19146727 -0.1582732 ],1,1
[-0.17168193 -0.16680178],0,1
[-0.17690207 -0.1632807 ],1,1
[-0.19093437 -0.15422115],0,1
[-0.18058388 -0.15104333],1,1
[-0.1783237  -0.14202128],0,1
[-0.16664489 -0.1516133 ],1,1
[-0.1696415 -0.1518691],0,1
[-0.17411564 -0.13799872],1,1
[-0.17288415 -0.13755304],0,1
[-0.21123384 -0.14245184],1,1
[-0.19152951 -0.15412118],0,1
[-0.17146544 -0.15750551],1,1
[-0.1755839 -0.167417 ],0,1
[-0.18446818 -0.16023868],1,1
[-0.19673447 -0.14681648],0,1
[-0.18397078 -0.14888068],1,1
[-0.17862464 -0.13573259],0,1
[-0.16739629 -0.16176522],1,1
[-0.17633551 -0.16396648],0,1
[-0.21118204 -0.15576243],1,1
[-0.18744563 -0.15791707],0,1
[-0.18045692 -0.163999  ],1,1
[-0.19236971 -0.14220089],0,1
[-0.1826097  -0.15105918],1,1
[-0.20340535 -0.16803503],0,1
[-0.18116932 -0.15208125],1,1
[-0.18969129 -0.15451835],0,1
[-0.15831108 -0.13952772],1,1
[-0.19577016 -0.136046  ],0,1
[-0.20542449 -0.15615565],1,1
[-0.19415529 -0.15129097],0,1
[-0.19906403 -0.15395021],1,1
[-0.19563383 -0.14824192],0,1
[-0.17241527 -0.15811858],1,1
[-0.1680483  -0.14045933],0,1
[-0.1990209  -0.16252051],1,1
[-0.19165789 -0.14743203],0,1
[-0.17027175 -0.14568351],1,1
[-0.18141197 -0.1440603 ],0,1
[-0.17897637 -0.12347971],1,1
[-0.18069474 -0.13322334],0,1
[-0.17037934 -0.14339904],1,1
[-0.17953539 -0.15537256],0,1
[-0.19647938 -0.16121237],1,1
[-0.18361369 -0.15605265],0,1
[-0.19126453 -0.12294794],1,1
[-0.17796251 -0.15678188],0,1
[-0.17738043 -0.15117341],1,1
[-0.17384224 -0.16119733],0,1
[-0.22670594 -0.14217049],1,1
[-0.19095595 -0.13513288],0,1
[-0.16122185 -0.13607176],1,1
[-0.1602543  -0.13517927],0,1
[-0.18398689 -0.1223477 ],1,1
[-0.19027168 -0.12308615],0,1
[-0.17175639 -0.14811943],1,1
[-0.20110764 -0.14686638],0,1
[-0.18744904 -0.14986579],1,1
[-0.1867699  -0.15208103],0,1
[-0.18092352 -0.165305  ],1,1
[-0.18637915 -0.1615603 ],0,1
[-0.17075667 -0.14718714],1,1
[-0.16756965 -0.1570497 ],0,1
[-0.18928353 -0.15800063],1,1
[-0.18268816 -0.15136541],0,1
[-0.17628597 -0.15490557],1,1
[-0.16463694 -0.13373527],0,1
[-0.18385725 -0.14328118],1,1
[-0.19063324 -0.13744871],0,1
[-0.18652679 -0.15459897],1,1
[-0.18636647 -0.13783059],0,1
[-0.18352483 -0.1494197 ],1,1
[-0.18123595 -0.14953119],0,1
[-0.1948047  -0.14259699],1,1
[-0.19232732 -0.14467895],0,1
[-0.1999448  -0.15172277],1,1
[-0.18023272 -0.13445137],0,1
[-0.19292103 -0.1608062 ],1,1
[-0.2208481  -0.15778492],0,1
[-0.16912007 -0.168925  ],1,1
[-0.16770461 -0.16570397],0,1
[-0.18857796 -0.14782266],1,1
[-0.16967595 -0.14855644],0,1
[-0.19596443 -0.13838093],1,1
[-0.16563018 -0.14682767],0,1
[-0.19818336 -0.16021945],1,1
[-0.1778802  -0.17645358],0,1
[-0.20815402 -0.15521549],1,1
[-0.20043114 -0.17142683],0,1
[-0.17931941 -0.13889161],1,1
[-0.17902225 -0.13500598],0,1
[-0.18267895 -0.15426853],1,1
[-0.19425534 -0.15691492],0,1
[-0.17106014 -0.15348373],1,1
[-0.17781146 -0.15833008],0,1
[-0.17291075 -0.15580091],1,1
[-0.17878646 -0.16836616],0,1
[-0.18000513 -0.13843738],1,1
[-0.1747163  -0.13861953],0,1
[-0.17040911 -0.14690334],1,1
[-0.18134955 -0.13535507],0,1
[-0.19819415 -0.15692209],1,1
[-0.20789544 -0.16385864],0,1
[-0.18907233 -0.15591612],1,1
[-0.18431516 -0.14509836],0,1
[-0.18277955 -0.16170503],1,1
[-0.19056296 -0.15956768],0,1
